Character_ID,Character_Name_Eg,Character_Name_Ko,Spawn_Location_1,Spawn_Location_2,Spawn_Location_3
0,Player_Character,레딘,-1,-1,-1
1,Cador,캐더,161.1727,10.21602,73.87953
2,Gaga,가가,222.9351,15.0916,201.3813
3,Beil,베일,222.2012,15.0916,207.8525
4,Dokan,도칸,226.9604,15.09161,217.6005
5,Harry,해리,231.2901,15.0916,191.9461
6,Dorris,도리스,226.9604,15.09161,217.6005
7,Stella,스텔라,230.6716,15.09161,202.3909
8,Wolver,울버,231.2901,15.0916,191.9461
