Character_ID,Character_Name_Eg,Character_Name_Ko,Character_Type,Spawn_Location_1,Spawn_Location_2,Spawn_Location_3
0,Player_Character,레딘,0,-1,-1,-1
1,Gaga,가가,2,201.8659,14.99939,246.3698
2,Beil,베일,2,195.4348,14.99939,263.2964
3,Dokan,도칸,1,201.1544,14.99939,266.9358
4,Harry,해리,1,213.6291,14.99939,252.5559
5,Dorris,도리스,1,201.1544,14.99939,266.9358
6,Stellar,스텔라,1,213.4166,14.99939,262.2729
7,Wolver,울버,1,213.6291,14.99939,252.5559
8,Cador,캐더,1,179.8858,14.99939,261.5975
