Character_ID,Character_Name_Eg,Character_Name_Ko,Character_Type,Spawn_Location_1,Spawn_Location_2,Spawn_Location_3
0,Player_Character,레딘,0,194.3008,10.21602,79.7016
1,Gaga,가가,2,231.1232,15.0916,192.3038
2,Beil,베일,2,223.1668,15.09161,201.4306
3,Dokan,도칸,1,222.3105,15.09161,207.692
4,Harry,해리,1,226.8655,15.09161,218.02
5,Dorris,도리스,1,222.3105,15.09161,207.692
6,Stellar,스텔라,1,230.5014,15.09161,202.476
7,Wolver,울버,1,226.8655,15.09161,218.02
8,Cador,캐더,1,194.3008,10.21602,79.7016
